index,short_label,full_path
0,gse149440_extract.R,BeastModev3/gse149440_extract.R
1,gse149440_preprocess.R,BeastModev3/gse149440_preprocess.R
2,gse149440_evaluate_plot.R,BeastModev3/gse149440_evaluate_plot.R
3,gse149440_download.R,BeastModev3/gse149440_download.R
4,gse149440_model_fit.R,BeastModev3/gse149440_model_fit.R
5,gse149440_metadata_check.R,BeastModev3/gse149440_metadata_check.R
6,predict_gestational_age.py,BeastModev3Py/predict_gestational_age.py
7,ClaudeCode/optimized_gest…,ClaudeCode/optimized_gestational_age_prediction.R
8,optimized_gestational_age…,ClaudeCode/optimized_gestational_age_v2.R
9,best_optimized_prediction.R,ClaudeCode/best_optimized_prediction.R
10,ClaudeCode/final_optimize…,ClaudeCode/final_optimized_prediction.R
11,ClaudeCode/gestational_ag…,ClaudeCode/gestational_age_prediction.R
12,efficient_optimized_predi…,ClaudeCode/efficient_optimized_prediction.R
13,advanced_optimized_predic…,ClaudeCode/advanced_optimized_prediction.R
14,Cline/optimized_gestation…,Cline/optimized_gestational_age_prediction.R
15,install_packages.R,Cline/install_packages.R
16,Cline/gestational_age_pre…,Cline/gestational_age_prediction.R
17,gestational_age_predictor.py,ClinePy/gestational_age_predictor.py
18,examine_metadata.py,ClinePy/examine_metadata.py
19,gestational_age_predictor…,ClinePy/gestational_age_predictor_v2.py
20,gestational_age_predictor…,ClinePy/gestational_age_predictor_final.py
21,Cursor/optimized_gestatio…,Cursor/optimized_gestational_age_prediction.R
22,create_results_csv.R,Cursor/create_results_csv.R
23,Cursor/final_optimized_pr…,Cursor/final_optimized_prediction.R
24,simple_optimized_predicti…,Cursor/simple_optimized_prediction.R
25,final_results.R,Cursor/final_results.R
26,Cursor/gestational_age_pr…,Cursor/gestational_age_prediction.R
27,gestational_age_predictio…,CursorPy/gestational_age_prediction_optimized.py
28,check_metadata.py,CursorPy/check_metadata.py
29,gestational_age_predictio…,CursorPy/gestational_age_prediction.py
30,debug_dataset.py,CursorPy/debug_dataset.py
31,Kiro/gestational_age_pred…,Kiro/gestational_age_prediction.R
32,KiroPy/gse149440_optimize…,KiroPy/gse149440_optimized.py
33,KiroPy/gse149440_analysis.py,KiroPy/gse149440_analysis.py
34,OpenHandsPy/gse149440_opt…,OpenHandsPy/gse149440_optimized.py
35,OpenHandsPy/gse149440_ana…,OpenHandsPy/gse149440_analysis.py
36,gse149440_enhanced.py.py,OpenHandsPy/gse149440_enhanced.py.py
37,gestational_age_predictio…,RooCode/gestational_age_prediction_optimized.R
38,gestational_age_predictio…,RooCode/gestational_age_prediction_robust.R
39,RooCode/gestational_age_p…,RooCode/gestational_age_prediction.R